station,latitude_zone,model,mae,rmse,r2,corr,mape
AL945,N_mid,CatBoost,0.9388576728085443,1.1251636592030223,0.4380275193721419,0.8953544100234799,17.450294236898873
AL945,N_mid,ElasticNet,1.5870923290321517,1.973626542270675,-6.372448585363217,0.8159586937605054,29.409571654845635
AL945,N_mid,LinearRegression,5.666857605167038,7.218257184625211,-97.20002977026189,0.6933151837520163,107.04439616064677
AL945,N_mid,RandomForest,0.9368635082201501,1.134028169026288,0.3933534930367073,0.8910186211176484,16.798178014597177
AL945,N_mid,XGBoost,0.9348646820373823,1.131635260326719,0.3368206332207837,0.887905821331338,16.824115891349898
AS00Q,Low,CatBoost,1.3183853667028798,1.6966739585867137,0.1729027306225449,0.8358650330130831,16.453325670266466
AS00Q,Low,ElasticNet,2.008690250438787,2.61080328804262,-2.560150524788184,0.7154757553468168,25.53952018342856
AS00Q,Low,LinearRegression,8.959709331301683,10.982096006084571,-133.56650686056165,0.6055296823718512,108.7819219368807
AS00Q,Low,RandomForest,1.2894417704813967,1.6873032012817966,0.4749435234498445,0.8258035874893472,15.780046685571127
AS00Q,Low,XGBoost,1.3129297260822812,1.7155072001513432,0.40920396339015025,0.8225023920254856,15.730703155717682
AT138,N_mid,CatBoost,0.7495301730455102,0.926257882740344,0.6167592579052613,0.8839448356429194,11.940683653478041
AT138,N_mid,ElasticNet,0.8361228387972831,1.0267216319387222,0.3650020423832953,0.8523994583112466,13.440973138156398
AT138,N_mid,LinearRegression,4.0437214054391495,5.417400767532527,-373.0544276186078,0.722028926739422,67.40329386392762
AT138,N_mid,RandomForest,0.7224611939105089,0.9093978600867161,0.6152048470440438,0.8842829512675224,11.382952141345973
AT138,N_mid,XGBoost,0.7464541250452089,0.9373752600386722,0.5919902212808443,0.8755406996102351,11.77129429422895
AU930,N_mid,CatBoost,0.8163988151086109,0.9845046378031098,0.36431252495972855,0.9560697843685699,12.466980646963904
AU930,N_mid,ElasticNet,0.9778632257726957,1.1622397896474854,-0.11304716502742701,0.9450325072824047,15.013209109467715
AU930,N_mid,LinearRegression,6.76866326870228,9.013736561700822,-183.43777432270906,0.7784858138189952,106.2671121316651
AU930,N_mid,RandomForest,0.7792129522916973,0.9540830281043015,0.21181199533596903,0.9474628553305018,11.714440561582876
AU930,N_mid,XGBoost,0.7831332603226872,0.9586767247577953,0.3047030983771602,0.9468833270791498,11.778728024690244
BR52P,Low,CatBoost,0.8467910377345489,1.0283510743258504,0.38058862190928183,0.8443932968566459,11.216751799587147
BR52P,Low,ElasticNet,1.249604231950946,1.4953352464082847,-0.7801666367646062,0.7472791090475509,16.487200983094212
BR52P,Low,LinearRegression,3.9096534702407544,5.084236655587209,-51.69984729165451,0.6463817188520264,52.230823805458705
BR52P,Low,RandomForest,0.870101351205758,1.0631097370978224,0.2817450980338235,0.825188050030511,11.380302315545853
BR52P,Low,XGBoost,0.8704430372817464,1.0616579483551871,0.2984032650842295,0.8256711361714266,11.400673902032631
CAJ2M,Low,CatBoost,0.9915522260563393,1.262743687231307,0.7438196626083557,0.9052690041553859,15.46027386661072
CAJ2M,Low,ElasticNet,1.1904576110492042,1.4969445692243848,0.5488534161882078,0.8827375700490205,18.37317754245473
CAJ2M,Low,LinearRegression,4.734346191830893,6.195472923654276,-40.82552418114279,0.729925091255485,71.62117967033372
CAJ2M,Low,RandomForest,0.9746912656778093,1.2511705865256815,0.7358487793445957,0.8997543803091096,14.802368925566203
CAJ2M,Low,XGBoost,1.003484179031089,1.2849071501025895,0.7264405478672574,0.8957386356738336,15.168167199221319
CB53N,S_mid,CatBoost,0.8125941071546221,0.9842940313644787,0.33374010686102995,0.872343737248331,12.796168714622864
CB53N,S_mid,ElasticNet,1.1596777443445583,1.3733194693214743,-0.6632376912746032,0.7856856882174968,18.346357540634212
CB53N,S_mid,LinearRegression,3.2935689711570704,4.225001401715129,-29.104539155225208,0.6776147072844543,52.079341845461975
CB53N,S_mid,RandomForest,0.8179652263194346,0.9960591854280589,0.28643936119180147,0.8587589334277235,12.685861910235614
CB53N,S_mid,XGBoost,0.825432822127318,1.0041390563912895,0.2725715501941432,0.8549638984076259,12.809832345438192
CGK21,Low,CatBoost,1.2688308178351937,1.7330291467588708,0.49299379804570825,0.777630068252561,12.97393692587131
CGK21,Low,ElasticNet,2.071259414694926,2.4976060782224123,-0.5640165049483361,0.7321497080161742,20.75353205102827
CGK21,Low,LinearRegression,18.545974361506847,22.132636958404238,-206.21060615215927,0.34445688769696664,172.01058144454746
CGK21,Low,RandomForest,1.234887236279868,1.6896099978323476,0.4931896340816562,0.7905398195141652,12.361967683478582
CGK21,Low,XGBoost,1.3736522329913885,1.8283248109172496,0.4044410913867739,0.7663232715981939,13.543175859991681
CS31K,Low,CatBoost,1.5348278264143915,1.880948926529928,-0.01609803967000466,0.908922807106951,18.89035978524776
CS31K,Low,ElasticNet,2.628111903803563,3.2533711097255753,-2.1482136128224303,0.8192583499357169,31.31477269087121
CS31K,Low,LinearRegression,8.938629491722795,11.620301895383827,-216.09628289081266,0.7054154862788179,107.89938498539244
CS31K,Low,RandomForest,1.549105959327884,1.9346785698323934,-0.2121098589476559,0.8815258693313509,17.822998904723864
CS31K,Low,XGBoost,1.560529532605954,1.9378986150489117,-0.049358647763728385,0.8874253146611882,18.11192902051536
DB049,N_mid,CatBoost,0.7801433465679428,0.950670381342269,0.45983881139451355,0.9031672494651345,13.537288243152064
DB049,N_mid,ElasticNet,0.9892545140789254,1.175071459474388,0.06021262746222184,0.8544739474629044,17.2586489234063
DB049,N_mid,LinearRegression,3.648742276422886,4.7593905251371575,-134.53085265497802,0.7216226433572098,65.50485725989489
DB049,N_mid,RandomForest,0.7851420228946959,0.964127026875701,0.4086741080130753,0.8916389256807332,13.383951948739963
DB049,N_mid,XGBoost,0.7947040891318259,0.9758470283809779,0.3650086868647918,0.8882633680935088,13.632896867459355
DW41K,Low,CatBoost,1.3205079853191306,1.6204949542016038,-11.44949649967696,0.8928547738708065,16.680979107390716
DW41K,Low,ElasticNet,1.940104578096598,2.3640954837061323,-7.5122961318618415,0.8019797594878947,23.94774478120036
DW41K,Low,LinearRegression,7.412267790324487,9.63629577380305,-1676.3418055107002,0.6774320193944121,93.1487249177047
DW41K,Low,RandomForest,1.3181613062710988,1.635378072785865,-11.62138688802776,0.879962194927388,15.847561106935055
DW41K,Low,XGBoost,1.3261165747708534,1.642711440658691,-4.277619959165877,0.8826696766723501,16.077358857400572
EA653,N_mid,CatBoost,0.7575748992448068,0.9456016982650346,0.4327105698965715,0.8565424842513583,14.080399014426355
EA653,N_mid,ElasticNet,0.9702149423420116,1.178581060399018,-0.06164676704964945,0.7641070729666807,18.87976011545863
EA653,N_mid,LinearRegression,3.774150024614557,4.903549339805649,-147.7812322804868,0.6617175477605763,76.40097730447357
EA653,N_mid,RandomForest,0.762702780869189,0.9636985086336398,0.34376399028480226,0.8337377810351306,13.95181295694351
EA653,N_mid,XGBoost,0.7677444277050761,0.9688444595071706,0.34060163094625556,0.8326198561847857,14.053943789022398
EB040,N_mid,CatBoost,0.7741932091548179,0.9474445559102018,0.5745855668836591,0.8779148803941926,11.51017799590014
EB040,N_mid,ElasticNet,0.8992370344919406,1.0806826292964482,0.3611169690500726,0.8537072225010454,13.547261839537146
EB040,N_mid,LinearRegression,3.501009782936695,4.544179721266097,-205.8638250941891,0.7156591578206477,54.2169439537107
EB040,N_mid,RandomForest,0.7788598760778895,0.9627292823824305,0.5398851298494952,0.8702998656564496,11.422665703220217
EB040,N_mid,XGBoost,0.7879106140531723,0.9731062519156046,0.5297477536422777,0.8635234958665547,11.59056324126761
EG931,N_mid,CatBoost,0.8458144497955875,1.0209473462975995,0.05479966992606536,0.8809038072518776,11.935684768470349
EG931,N_mid,ElasticNet,1.1334036981395228,1.3566711853348734,-0.9565534858560898,0.8378008001107613,16.185444843501173
EG931,N_mid,LinearRegression,4.456271659907786,5.758685323696943,-103.96060391690195,0.6927512219055523,62.86848634692408
EG931,N_mid,RandomForest,0.8458516793604819,1.0326017272147656,0.06041293620766611,0.862187175260039,11.777855270222776
EG931,N_mid,XGBoost,0.8509463824609876,1.0385767952847351,0.015622698139716068,0.8630983682319442,11.832693231527902
FF051,N_mid,CatBoost,0.7751441601527385,0.9376072349207635,0.49312004795477554,0.9111897085242349,13.848513791422972
FF051,N_mid,ElasticNet,0.9830253986877739,1.175193171958706,0.0383100844655221,0.858132688274468,17.93048638562379
FF051,N_mid,LinearRegression,3.875639241976163,5.024126822895308,-120.46069786233849,0.7261460406713467,72.6850091966183
FF051,N_mid,RandomForest,0.7841052492018192,0.9565194834841937,0.4284141264106147,0.9007906619670477,13.713516641119877
FF051,N_mid,XGBoost,0.7846293174697501,0.9569649386363781,0.4302650606325233,0.8929125292615067,13.78093603586953
GM037,N_mid,CatBoost,0.8267162453092376,1.0107060071902347,0.527854266501328,0.8704136697025986,12.044644528054535
GM037,N_mid,ElasticNet,1.307483212233127,1.6220472264060448,-1.995244678936734,0.82359507272689,18.814409261252262
GM037,N_mid,LinearRegression,6.330017642890114,8.677282824887849,-611.8125858852826,0.6875707905469095,97.3344519158608
GM037,N_mid,RandomForest,0.8086009425167784,1.0036278450119593,0.5063283289917473,0.8577983069910915,11.652086001662752
GM037,N_mid,XGBoost,0.8194382858626664,1.0168178819125786,0.48795663894333413,0.8510495406528008,11.84832226579401
GR13L,S_mid,CatBoost,0.7608257737060696,0.9218819369806411,0.6698507458894571,0.9616707434518417,13.048692699264398
GR13L,S_mid,ElasticNet,1.0425562761219336,1.265741902439535,0.3488000354460388,0.922246281463607,18.285847014135385
GR13L,S_mid,LinearRegression,3.677474937689535,4.721669358150706,-43.25783709115025,0.7933037196742992,67.55183279694614
GR13L,S_mid,RandomForest,0.7463217638696283,0.9214767241971915,0.6512129202672666,0.9551518339644091,12.39616985145204
GR13L,S_mid,XGBoost,0.7483932476350557,0.9229602212311457,0.6498140405306898,0.9549041499260654,12.473459922193145
HO54K,S_mid,CatBoost,0.8120947709729501,0.9800349605424612,0.4872121345774243,0.8934312880267452,14.17442069632576
HO54K,S_mid,ElasticNet,1.230485978322901,1.4711287971042573,-0.5239238748994125,0.761752514741185,22.380983708281054
HO54K,S_mid,LinearRegression,3.370393637810806,4.33762917177496,-27.61332141909974,0.6955460880128276,59.06136113189441
HO54K,S_mid,RandomForest,0.8269867659351301,1.0093991193783507,0.4266501266457029,0.8784018441138481,14.081698772013953
HO54K,S_mid,XGBoost,0.8311486863714324,1.01158146946242,0.4115017222310965,0.878152494300839,14.135361250495624
IC437,N_mid,CatBoost,0.8065442982818704,1.0008746342207187,0.4391422121881826,0.8227672815670191,11.832193633402271
IC437,N_mid,ElasticNet,0.957976619331928,1.1727820342527309,0.02199465937490233,0.8058297896187974,14.158920439849133
IC437,N_mid,LinearRegression,4.426264795786901,5.795553553771263,-198.34800226250405,0.6637051103591981,66.91933303210476
IC437,N_mid,RandomForest,0.7963431893324205,0.9958817984246464,0.4304991183385172,0.825414110391869,11.57059190127502
IC437,N_mid,XGBoost,0.8195308559826987,1.0256181207560944,0.3728140401985175,0.8055605780604921,11.910796694996492
JJ433,N_mid,CatBoost,0.8727421357751741,1.087589670773789,0.4735583370480688,0.854591709058115,12.1421270951156
JJ433,N_mid,ElasticNet,1.0167924086396987,1.2493837881244665,-0.16311233167115063,0.8422573052180127,14.3091450559011
JJ433,N_mid,LinearRegression,4.209369341071853,5.51264402641861,-165.80496206494576,0.6895960163572435,61.16681883062121
JJ433,N_mid,RandomForest,0.8747967317905752,1.0970121709297755,0.4170611603154819,0.848902327657233,12.069815792053541
JJ433,N_mid,XGBoost,0.9081008003987208,1.139154591789884,0.31888898546229244,0.8381000233904586,12.535036308221038
JR055,N_mid,CatBoost,0.7559648783199145,0.9144234458756542,0.5467796773472735,0.9192955114610746,14.850204380023406
JR055,N_mid,ElasticNet,0.9585601592352453,1.1313511012530486,0.14010956986958645,0.8658730940435384,19.140206744866173
JR055,N_mid,LinearRegression,3.8379349676647347,4.972862503937944,-144.16225226120827,0.743473778395326,78.94973978439906
JR055,N_mid,RandomForest,0.7462865843984747,0.9064649847340214,0.5030696478541979,0.9098641704449881,14.379730784182497
JR055,N_mid,XGBoost,0.7462179689861128,0.9086973016842625,0.5139889752881365,0.9084903695168242,14.3725631907513
LL721,Low,CatBoost,1.2660833228593882,1.5636734108168642,0.6967568107672507,0.9061139478903871,16.75135352459272
LL721,Low,ElasticNet,1.7114755182346886,2.0985245847225857,0.0781571596134123,0.8732983971624368,22.990780652189585
LL721,Low,LinearRegression,6.054890434895674,7.785200629701279,-47.77711054603033,0.7376828228658995,80.38237555194378
LL721,Low,RandomForest,1.2525902354665133,1.5653743738724655,0.6837844031041727,0.9003013103883839,15.961678888032711
LL721,Low,XGBoost,1.2820451283730183,1.6007647936617726,0.6701862761753924,0.8972940129221029,16.350384386854806
LM42B,Low,CatBoost,0.8538899125352087,1.0337213357602977,0.636600180866266,0.9317936068025335,12.299386568232364
LM42B,Low,ElasticNet,1.0955511112984222,1.3087355266545713,0.28986565618363874,0.9036126877076696,15.980609937916684
LM42B,Low,LinearRegression,4.391701852100136,5.6267217286706455,-38.01705428313629,0.7472998777948121,64.36343016010025
LM42B,Low,RandomForest,0.861509417389581,1.0554453496440979,0.598356965064414,0.9210277583158769,12.033117413648343
LM42B,Low,XGBoost,0.871337101636379,1.0654146398859525,0.5914708524545255,0.9194526543798119,12.22951888905623
MHJ45,N_mid,CatBoost,0.9432481120557082,1.1267394475225045,0.3726747636583522,0.8674859990919903,16.109932628476272
MHJ45,N_mid,ElasticNet,1.2832669076457404,1.504881085969648,-0.41691746706170923,0.8040594679601141,22.131242843202283
MHJ45,N_mid,LinearRegression,4.8841270625465505,6.217291714963725,-126.07155404280789,0.6761015744479971,83.85320888313356
MHJ45,N_mid,RandomForest,0.9218956021748086,1.1108809762823644,0.3548448060595395,0.8610411662761306,15.36577594927925
MHJ45,N_mid,XGBoost,0.9439769044591361,1.13819683243616,0.3155416703808088,0.8534183431142669,15.715784171344888
ND61R,Low,CatBoost,1.2521336771374436,1.5272067512767409,0.3665976722261071,0.8831545919703744,13.911721051242468
ND61R,Low,ElasticNet,1.8269339521682117,2.1980988089185867,-1.014986080398148,0.8140240980958989,20.119261574559253
ND61R,Low,LinearRegression,6.736008350058643,8.568044438005487,-68.91235479382156,0.6720876461211128,80.95282503397789
ND61R,Low,RandomForest,1.2938676632160067,1.5969456303815448,0.4029702009919421,0.8653013339363917,13.892437187646799
ND61R,Low,XGBoost,1.2923510661258917,1.58923751208845,0.32839616370503977,0.8695333932063782,13.945212152400064
NI135,N_mid,CatBoost,0.7795116172785097,0.9698080011711089,0.5771692379898974,0.8983717694014144,11.71129729283475
NI135,N_mid,ElasticNet,0.984281357130115,1.2352769790336195,-0.05006095946798231,0.8630034820149414,15.470991163707154
NI135,N_mid,LinearRegression,4.9531780324147565,6.737845193597319,-199.85729058403388,0.7393733739902318,87.55941970678803
NI135,N_mid,RandomForest,0.7682120911427552,0.960634247135347,0.5735841980547635,0.8897377911304114,11.426215508753923
NI135,N_mid,XGBoost,0.7836671238659674,0.9817998642184604,0.5415384185218263,0.8847032500662863,11.616326155516315
NI63,Low,CatBoost,0.8049021053374878,0.9840815120876185,0.40921507060035817,0.8394854422818597,10.947629081764799
NI63,Low,ElasticNet,1.1612553501478056,1.402502282813115,-0.49983646814268556,0.7513291417413291,15.767342139721976
NI63,Low,LinearRegression,3.6780970002549673,4.646473793058788,-45.34306783344802,0.643317573158638,50.85567966207331
NI63,Low,RandomForest,0.8476992824234181,1.0430434722182476,0.28300590295868977,0.8069448875018584,11.324265962883299
NI63,Low,XGBoost,0.840604970511613,1.0339418715783317,0.3168892515649121,0.8115632265923934,11.271714646088821
PA836,N_mid,CatBoost,0.8550639947654132,1.037547830130519,0.6097154075552349,0.9003821752460738,13.291499687695659
PA836,N_mid,ElasticNet,1.1945477086016256,1.4223688413384357,-0.05749225972638579,0.8616254793345631,19.26979974236741
PA836,N_mid,LinearRegression,6.214780570906978,7.535821073992309,-267.286675207639,0.734549545188307,105.88792107183797
PA836,N_mid,RandomForest,0.8388819214414125,1.0421533823934108,0.5757167087013084,0.8906059270669111,12.796392315825189
PA836,N_mid,XGBoost,0.8501716700215881,1.0524819447591303,0.572004734882683,0.8861821726743284,12.95425174320717
PE43K,S_mid,CatBoost,0.8292747946779155,0.9987510486960227,0.258458790201375,0.9076353067950039,13.17645969694663
PE43K,S_mid,ElasticNet,1.1718599412552222,1.400801939866759,-0.8173606396601122,0.8455919048350093,18.536070460142042
PE43K,S_mid,LinearRegression,3.491624713977909,4.494211721534626,-46.80428856360677,0.7261851231692754,56.289300891324714
PE43K,S_mid,RandomForest,0.8489878258783431,1.0358648113107407,0.13814285924828631,0.8902479198134255,13.216035076547902
PE43K,S_mid,XGBoost,0.8476095881849202,1.0318437526678024,0.13528144436379969,0.892300945421134,13.255320693655273
PQ052,N_mid,CatBoost,0.7437324295192529,0.8984475321186746,0.5301974463514485,0.9191564967440652,12.910424476298466
PQ052,N_mid,ElasticNet,0.9373742694455925,1.1170815122444024,0.05770356604172752,0.8661005283829605,16.47475073510579
PQ052,N_mid,LinearRegression,3.2066668638234668,4.095299401294545,-114.31547187930605,0.7572949841264642,59.099650431775636
PQ052,N_mid,RandomForest,0.7457102018195835,0.9071858146858826,0.4854588659410923,0.9099478602780096,12.771042893268085
PQ052,N_mid,XGBoost,0.7463753412470578,0.9100888137974231,0.4878868594729826,0.9086865737845469,12.823081404339138
SO148,N_mid,CatBoost,0.7730055224304303,0.9324294886972095,0.48333299784188044,0.9056586024957501,12.8140583621675
SO148,N_mid,ElasticNet,1.0447789287512868,1.2366682967989593,-0.19165302612724489,0.8409883024317665,18.21410711637564
SO148,N_mid,LinearRegression,4.3752677539249945,5.858406718892892,-475.2348096279496,0.73068361898324,78.73141568402092
SO148,N_mid,RandomForest,0.7670414568056416,0.9363009697025165,0.42759209257659714,0.8935717142603103,12.563341787595105
SO148,N_mid,XGBoost,0.7743288532042797,0.9442787709681593,0.42356667895980504,0.8894262432460391,12.691373409269337
THJ76,N_high,CatBoost,0.8497934526520456,1.0339829365667537,-0.47514428151550164,0.3495752353901971,19.412953109107175
THJ76,N_high,ElasticNet,1.0629932284299863,1.2789430821292362,-1.8297101484630909,0.21762619240523096,24.37263129379364
THJ76,N_high,LinearRegression,4.1368024912911485,5.368678324583619,-203.10138864310278,0.2220698095682039,93.18352658801813
THJ76,N_high,RandomForest,0.8706494632189383,1.0569793269100178,-0.6006702694209468,0.3437592732783781,19.872854458229604
THJ76,N_high,XGBoost,0.8886068685172558,1.0838041889313532,-0.6792696858213928,0.31160497108865143,20.243890443978643
TR169,N_high,CatBoost,0.8353756208746496,1.0203231116944624,-0.09150321462624073,0.7040492299871499,15.808978542990241
TR169,N_high,ElasticNet,1.1363508486129028,1.3701836392132911,-1.6291503195783588,0.5163116488250253,21.5416807770963
TR169,N_high,LinearRegression,8.735831052867661,10.32424460369678,-961.8361308476408,0.46408328238870283,167.51649657528836
TR169,N_high,RandomForest,0.861452173708222,1.051454016961695,-0.23930513173890236,0.6852847286353199,16.31672226222152
TR169,N_high,XGBoost,0.8810117262301632,1.0765733173432603,-0.31020568385775077,0.668365741504508,16.64933969875114
VT139,N_mid,CatBoost,0.7894777888491795,0.9601552449097147,0.4784642122297754,0.889009036435034,11.792189979560694
VT139,N_mid,ElasticNet,0.9385221011913719,1.118899738643083,0.15876325090565316,0.8543079536156659,14.339504613718269
VT139,N_mid,LinearRegression,3.7177386468185447,4.802689871876401,-257.9867281970052,0.7258693351688793,59.67042014021602
VT139,N_mid,RandomForest,0.7687168172995809,0.9488605870255292,0.4536305019124331,0.8771234306404839,11.324494666463266
VT139,N_mid,XGBoost,0.7821892594640596,0.9625053788986223,0.43814782708626154,0.8747765049780896,11.569647863574266
WA619,Low,CatBoost,1.304512841816472,1.6395478282171863,0.6225630862724658,0.8956648402900607,15.03836683299465
WA619,Low,ElasticNet,1.64424773047689,2.046209771289902,0.3187519625862369,0.8686415404182254,18.648254912803406
WA619,Low,LinearRegression,7.478295278959708,9.87271789964196,-91.4686077974333,0.7207504963543219,80.36175082675783
WA619,Low,RandomForest,1.3036600469575825,1.6521988535176233,0.6318072630583519,0.8884678541107778,14.80139137563443
WA619,Low,XGBoost,1.3292309065721672,1.685471096025187,0.6111613671357286,0.8849342461917367,15.013020719976295
