station,parameter,n_overlap,mae_before_after,acf_similarity,acf_threshold_pass,dtw_distance_normalized,dtw_similarity,latitude,latitude_zone
AL945,MUF_D,56604,0.8851168358243233,0.9999816558823384,True,0.048747300065126876,0.9535185453520599,45.07,N_mid
AL945,TEC,56604,1.5060653840717972,0.9999766748129616,True,0.068182569041533,0.936169554701953,45.07,N_mid
AL945,fmin,56606,0.09226698583189062,0.9986732429769384,True,0.10761251430068107,0.9028428146926231,45.07,N_mid
AL945,foE,26795,0.08393898115320024,0.9999716049976906,True,0.08895642333383375,0.9183103920159686,45.07,N_mid
AL945,foF1,13372,0.2580974237212085,0.9897260672052144,True,0.09868364576896586,0.9101801085790282,45.07,N_mid
AL945,foF2,56604,0.28072040182672603,0.9999759786178912,True,0.056120549246677455,0.9468616065782379,45.07,N_mid
AL945,foF2p,59640,0.09740622904091216,0.9999983540870789,True,0.042446800135358675,0.9592815670498993,45.07,N_mid
AL945,hmF2,56604,9.816748153840718,0.9999710934773203,True,0.09940021289956924,0.9095868713383181,45.07,N_mid
AS00Q,MUF_D,56566,1.5075548879480019,0.999993190202902,True,0.07041209570249549,0.9342196374786993,-8.0,Low
AS00Q,TEC,56321,3.26460371501453,0.9999609584926804,True,0.07674967346374038,0.9287209688981393,-8.0,Low
AS00Q,fmin,56569,0.3363107296693713,0.9999196497700051,True,0.08119575598302364,0.9249018916937938,-8.0,Low
AS00Q,foE,6988,0.11504096307956496,0.9989077337595894,True,0.1201278016853254,0.8927552717604339,-8.0,Low
AS00Q,foF1,5560,0.22411690647482016,0.9812095915188793,True,0.07932780899358491,0.9265025802795225,-8.0,Low
AS00Q,foF2,56569,0.524185012992982,0.999916023776624,True,0.06533225989890666,0.9386742874893264,-8.0,Low
AS00Q,foF2p,59980,0.20836072440813605,0.9999982060396041,True,0.035006069854715244,0.9661779086381309,-8.0,Low
AS00Q,hmF2,56569,9.75667076196032,0.9995289379748813,True,0.10344627835810276,0.9062516405311295,-8.0,Low
AT138,MUF_D,60965,1.1361234711173078,0.9999815533520588,True,0.06160167122570955,0.9419728953943854,38.0,N_mid
AT138,TEC,60970,1.4052437674266032,0.9999365902698149,True,0.06377914818905152,0.9400447467901327,38.0,N_mid
AT138,fmin,60970,0.24998044120059046,0.9999024106248299,True,0.0884741091372819,0.9187173048999706,38.0,N_mid
AT138,foE,15238,0.1265113258520366,0.9996525757095366,True,0.11043684879716965,0.9005464841005634,38.0,N_mid
AT138,foF1,3538,0.1655087620124364,0.9803346467282321,True,0.06429768519124819,0.9395867471235791,38.0,N_mid
AT138,foF2,60970,0.3325477099393145,0.999968998483491,True,0.06164596975230875,0.9419335903788234,38.0,N_mid
AT138,foF2p,62174,0.14379928373060552,0.9999717983905964,True,0.03583636592756565,0.9654034487431082,38.0,N_mid
AT138,hmF2,60970,9.652645768410693,0.9998560489703059,True,0.0969755389972971,0.9115973551370721,38.0,N_mid
AU930,MUF_D,12287,1.3067804149371964,0.9999771865040706,True,0.05604608766354592,0.9469283695870268,30.4,N_mid
AU930,TEC,12286,1.6162122198708557,0.999931297120217,True,0.06564283588263023,0.938400715819329,30.4,N_mid
AU930,fmin,12287,0.13695708201079732,0.9803684076511677,True,0.23165757901300502,0.8119139743380258,30.4,N_mid
AU930,foE,5736,0.12596786378428637,0.9998030721463359,True,0.1017933666521683,0.9076112003093009,30.4,N_mid
AU930,foF1,2831,0.18448810785352643,0.9887275021960675,True,0.1572460996604493,0.8641204323725202,30.4,N_mid
AU930,foF2,12287,0.35362066954233473,0.9999645313534113,True,0.05720431014665435,0.9458909601506268,30.4,N_mid
AU930,foF2p,12287,0.13171359973956215,0.9999998173445804,True,0.02890346058335886,0.97190848151393,30.4,N_mid
AU930,hmF2,12287,8.999194270367054,0.9998265218078759,True,0.1094670932641748,0.9013336277130036,30.4,N_mid
BC840,MUF_D,7781,1.017725613674335,0.9999613139676028,True,0.04921765094628265,0.9530910951584797,40.0,N_mid
BC840,TEC,7781,1.1880263890673863,0.9999234116841762,True,0.04918945735135391,0.953116706418752,40.0,N_mid
BC840,fmin,7781,0.14514415456453753,0.9992620072195791,True,0.09824380721874218,0.9105446290040636,40.0,N_mid
BC840,foE,3404,0.09401561887974932,0.9999772643354572,True,0.08806136852445899,0.9190658072495667,40.0,N_mid
BC840,foF1,1806,0.16493101698043558,0.9936278157671312,True,0.12960905970583286,0.8852620217656674,40.0,N_mid
BC840,foF2,7781,0.2688104142569507,0.9999457030669096,True,0.04937588615288945,0.9529473787186915,40.0,N_mid
BC840,foF2p,7781,0.1247106198860472,0.9999999401865729,True,0.02922534307873608,0.9716045244364913,40.0,N_mid
BC840,hmF2,7781,7.293442359593882,0.9999072556200659,True,0.08621256131049188,0.9206301193879785,40.0,N_mid
BR52P,MUF_D,50906,0.8597329571497795,0.9998433270263019,True,0.0646400368996255,0.939284608262652,-27.53,Low
BR52P,fmin,68863,0.10431658389362453,0.9997980518755473,True,0.087467422670677,0.9195677766090053,-27.53,Low
BR52P,foE,24092,0.10848929796889702,0.9998923576060086,True,0.10385300683497196,0.905917720754555,-27.53,Low
BR52P,foF1,14953,0.19666886800864933,0.9905974702132343,True,0.12175431614250419,0.8914607999359488,-27.53,Low
BR52P,foF2,68109,0.2573997158965775,0.9999814547634189,True,0.058479388650496025,0.9447515093089777,-27.53,Low
BR52P,hmF2,65381,9.542180131332753,0.9997650943369838,True,0.08136943664807739,0.9247533415589234,-27.53,Low
CAJ2M,MUF_D,61721,1.4485939408791173,0.9999750741308417,True,0.07725208654523615,0.9282878283457452,-22.7,Low
CAJ2M,TEC,61721,2.5124042060238816,0.9999738796999252,True,0.06941705557123164,0.9350888830418433,-22.7,Low
CAJ2M,fmin,62095,0.18938863837668088,0.9998465051134473,True,0.11926757815871225,0.8934414071433059,-22.7,Low
CAJ2M,foE,30101,0.12084336899106342,0.9999341842955178,True,0.09585049048586299,0.9125332412422736,-22.7,Low
CAJ2M,foF1,8937,0.25929940136511137,0.9782935727047776,True,0.1191721702290776,0.893517571827501,-22.7,Low
CAJ2M,foF2,61721,0.4599250842500932,0.9999738651881069,True,0.07278701243771137,0.9321514787242657,-22.7,Low
CAJ2M,foF2p,62544,0.16319311204911743,0.9999996383743835,True,0.028458204040399518,0.9723292556483105,-22.7,Low
CAJ2M,hmF2,61721,10.616544206995998,0.9972277027267816,True,0.12988035264238187,0.8850494635660858,-22.7,Low
CB53N,MUF_D,51954,0.7163102594763316,0.9999284423240641,True,0.05372385483710168,0.9490152428546784,-35.32,S_mid
CB53N,fmin,69107,0.05516920982437862,0.9992412285249569,True,0.09500739592801644,0.9132358408890034,-35.32,S_mid
CB53N,foE,25602,0.08814770818686041,0.9999695601279536,True,0.07838944133032331,0.9273087825919174,-35.32,S_mid
CB53N,foF1,16974,0.1504316871882487,0.9958606427772048,True,0.11854826609493087,0.894015958284209,-35.32,S_mid
CB53N,foF2,67947,0.22302464396269642,0.9999734632908079,True,0.05354712180588913,0.9491744406134357,-35.32,S_mid
CB53N,hmF2,58605,8.937532207149562,0.9999023783817235,True,0.09831031551661759,0.9104894908772891,-35.32,S_mid
CGK21,MUF_D,2032,1.4284107406496063,0.9999208569272232,True,0.0725127352682444,0.9323898608531596,-20.5,Low
CGK21,TEC,2032,3.3350455216535435,0.9999770557233261,True,0.07378598637375339,0.9312842714376135,-20.5,Low
CGK21,fmin,2034,0.24267453294001967,0.9990769870517155,True,0.09302747187510466,0.91489008806383,-20.5,Low
CGK21,foE,1001,0.11494755244755243,0.9999029742116126,True,0.06008451929139406,0.9433210105439921,-20.5,Low
CGK21,foF1,343,0.21417638483965012,0.8716031472671029,False,0.10353072689700739,0.9061822889262694,-20.5,Low
CGK21,foF2,2032,0.47103469488188976,0.9997802190938546,True,0.07435834876260179,0.9307881314942593,-20.5,Low
CGK21,foF2p,2038,0.126853532875368,0.9999958362320472,True,0.03123830671850246,0.9697079651570492,-20.5,Low
CGK21,hmF2,2032,8.456083907480313,0.9989843488351652,True,0.10179003319547333,0.907613946279532,-20.5,Low
CS31K,MUF_D,47370,1.1741957383364998,0.9999673268664808,True,0.04804896559915537,0.954153892445582,-12.18,Low
CS31K,fmin,64131,0.11482898286320188,0.9999136251627398,True,0.08889777366688474,0.9183598535907372,-12.18,Low
CS31K,foE,26031,0.11380429423892026,0.9998816119822829,True,0.08771786547829842,0.9193560497052914,-12.18,Low
CS31K,foF1,15657,0.1929479359604863,0.9903507252404974,True,0.10726038952198069,0.9031299317333239,-12.18,Low
CS31K,foF2,61571,0.3864592936068387,0.9999981572185805,True,0.04288680448868147,0.9588768365808324,-12.18,Low
CS31K,hmF2,59721,8.917077675078003,0.9994812130229084,True,0.0984648697811826,0.9103613847925814,-12.18,Low
DB049,MUF_D,68349,0.905094320909014,0.9999448836343708,True,0.04963358075376155,0.9527134214607361,50.1,N_mid
DB049,TEC,68349,1.0774550504076905,0.9999669892316255,True,0.05775031631473785,0.9454026953015308,50.1,N_mid
DB049,fmin,68349,0.1264037293113249,0.9995226687209244,True,0.12781618329773178,0.8866693126144035,50.1,N_mid
DB049,foE,34691,0.09280274803122948,0.9999822620402959,True,0.07426029486935161,0.9308730898609793,50.1,N_mid
DB049,foF1,17026,0.21938332095608098,0.99433312676467,True,0.09636397783467501,0.912105851904224,50.1,N_mid
DB049,foF2,68349,0.22585837305181664,0.9999618912915526,True,0.04389184960765561,0.9579536427799945,50.1,N_mid
DB049,foF2p,68825,0.07705861501294847,0.9999975040512411,True,0.03531424224865531,0.9658903154157773,50.1,N_mid
DB049,hmF2,68349,8.842870384925645,0.9999182587431202,True,0.09379204141643906,0.914250572444301,50.1,N_mid
DW41K,MUF_D,53028,1.2031041686310378,0.9999849966039732,True,0.05809364572256414,0.9450959317661413,-12.45,Low
DW41K,fmin,67552,0.1320932727074921,0.9999839943258716,True,0.10086494817394917,0.9083766375328254,-12.45,Low
DW41K,foE,20224,0.09984032379021625,0.999882370919168,True,0.08578202915554332,0.9209951658324466,-12.45,Low
DW41K,foF1,14914,0.19940868479281215,0.9844275340092113,True,0.14256141887804805,0.8752264722731161,-12.45,Low
DW41K,foF2,64223,0.3904178287138886,0.9999942530240692,True,0.05716532088611468,0.9459258455071163,-12.45,Low
DW41K,hmF2,57026,9.926870099353177,0.9994624657232271,True,0.09422676299870611,0.9138873529829598,-12.45,Low
EA036,MUF_D,33683,1.0842126109610188,0.9999877957551149,True,0.05793570875390304,0.9452370231248334,37.1,N_mid
EA036,TEC,33683,1.740455125731081,0.9999523572668539,True,0.06123186650637989,0.9423011422490001,37.1,N_mid
EA036,fmin,33731,0.17773635528149181,0.9998595884356166,True,0.07993752206901204,0.9259794937804711,37.1,N_mid
EA036,foE,15939,0.10770777129472782,0.9999856508783155,True,0.09254429389936744,0.9152946984244726,37.1,N_mid
EA036,foF1,5221,0.4910118591585264,0.97054423184908,True,0.13608174936475853,0.8802183474553228,37.1,N_mid
EA036,foF2,33683,0.29581749448287464,0.999961554865602,True,0.04747034096028012,0.9546809688981158,37.1,N_mid
EA036,foF2p,33794,0.17275080882207886,0.9999971415205003,True,0.0455686679977905,0.95641733595073,37.1,N_mid
EA036,hmF2,33683,9.309938618887866,0.9999749128541916,True,0.07506679627447596,0.9301747607361592,37.1,N_mid
EA653,MUF_D,46865,0.8598596207190868,0.9998762551019706,True,0.04422949480702297,0.9576438943479596,52.73,N_mid
EA653,TEC,46865,1.1238013442867811,0.9999610251289408,True,0.06317698986058665,0.9405771659252417,52.73,N_mid
EA653,fmin,46865,0.07019118745332338,0.9982674318439188,True,0.10066460479213662,0.9085419805871313,52.73,N_mid
EA653,foE,20759,0.07745538079868973,0.9999741181909889,True,0.07799911879368267,0.9276445430855581,52.73,N_mid
EA653,foF1,12657,0.2025437504937979,0.9985196579338443,True,0.10349577217448468,0.9062109934770824,52.73,N_mid
EA653,foF2,46865,0.23910503040648673,0.9998521237236271,True,0.04522384010788397,0.9567328658488922,52.73,N_mid
EA653,foF2p,47127,0.06998374074309843,0.999998849050913,True,0.03244387421726382,0.9685756533333486,52.73,N_mid
EA653,hmF2,46865,10.118951509655394,0.9999855402735022,True,0.0924027027950108,0.9154133337837868,52.73,N_mid
EB040,MUF_D,69120,1.069190540994941,0.999974567563893,True,0.06380659633568847,0.9400204919244983,40.8,N_mid
EB040,TEC,69121,1.312724101955088,0.9999631832838136,True,0.05131696619199876,0.9511879215857466,40.8,N_mid
EB040,fmin,69121,0.19955817060494005,0.9996503143870191,True,0.11813250870506307,0.8943483819803475,40.8,N_mid
EB040,foE,32221,0.09345187995375374,0.9999683649616191,True,0.09648624532783723,0.9120041443848765,40.8,N_mid
EB040,foF1,15383,0.22590823470447083,0.9945522498797806,True,0.10981138680950954,0.9010540096140157,40.8,N_mid
EB040,foF2,69121,0.2677802421321985,0.9999664302341327,True,0.049966053551145556,0.9524117438062377,40.8,N_mid
EB040,foF2p,69432,0.0892010600079754,0.9999964142498355,True,0.03627971297099821,0.9649904243836012,40.8,N_mid
EB040,hmF2,69121,8.795406046787935,0.9999415305552216,True,0.09262959272440537,0.9152232436855027,40.8,N_mid
EG931,MUF_D,54216,0.9445224664613153,0.9999388317310086,True,0.05981472872317701,0.9435611460172484,30.5,N_mid
EG931,TEC,54217,1.6386348685221732,0.9999585541611749,True,0.08361052085515346,0.922840800042094,30.5,N_mid
EG931,fmin,54217,0.1516042708006714,0.9991642583005941,True,0.05155824490288029,0.9509696727187547,30.5,N_mid
EG931,foE,22169,0.09226453606387297,0.9999564064624555,True,0.10491125208498567,0.9050500645305073,30.5,N_mid
EG931,foF1,10917,0.19030296784830997,0.9890517740881858,True,0.11500476621876547,0.8968571528095143,30.5,N_mid
EG931,foF2,54217,0.2615501779884538,0.9999614175818423,True,0.054391634040593655,0.9484142018159264,30.5,N_mid
EG931,foF2p,56234,0.11791353985133549,0.999993919666466,True,0.04338046973860136,0.9584231533972747,30.5,N_mid
EG931,hmF2,54217,8.525066092431032,0.9999286869848486,True,0.09468231796979024,0.9135070363195515,30.5,N_mid
FF051,MUF_D,51473,0.8640982035889366,0.9999468432325331,True,0.044229406382894514,0.9576439754401279,51.7,N_mid
FF051,TEC,51474,1.1741392094390695,0.9999584021526432,True,0.05952717690799035,0.9438172250741995,51.7,N_mid
FF051,fmin,51475,0.07485768172251903,0.9698834403598926,True,0.08008516985739811,0.9258529122587882,51.7,N_mid
FF051,foE,24351,0.07124846002217568,0.9999855688399842,True,0.07880643643377458,0.9269503464455717,51.7,N_mid
FF051,foF1,12197,0.22619066163810772,0.9892826210860899,True,0.11163717210231856,0.899574092245232,51.7,N_mid
FF051,foF2,51474,0.22681686547253627,0.999944256666179,True,0.04105461922262384,0.9605643945432181,51.7,N_mid
FF051,foF2p,51703,0.0718520201922519,0.999999225774955,True,0.03624639384888354,0.9650214523649582,51.7,N_mid
FF051,hmF2,51474,9.536249530507312,0.99996752438711,True,0.0873962008219825,0.9196280060975769,51.7,N_mid
GM037,MUF_D,36116,1.1586663974393796,0.999976209223756,True,0.05947568589431904,0.9438630950326012,37.9,N_mid
GM037,TEC,36121,1.4435913854823905,0.9999730983254196,True,0.053360318497866446,0.9493427675593853,37.9,N_mid
GM037,fmin,36160,0.09441118762858945,0.9993625827000102,True,0.10937363238556787,0.9014095619431898,37.9,N_mid
GM037,foE,30450,0.2123046907585208,0.9999105998833573,True,0.07419579623807798,0.9309289828745209,37.9,N_mid
GM037,foF1,9066,0.23790106268924105,0.9855948669922499,True,0.1294931889375953,0.8853528377099849,37.9,N_mid
GM037,foF2,50059,0.2890392234467136,0.9999642193543208,True,0.047223626792707946,0.9549058810510818,37.9,N_mid
GM037,foF2p,36251,0.1426152046799822,0.9999995088743067,True,0.028354738565878522,0.9724270842516646,37.9,N_mid
GM037,hmF2,36121,9.702193601342504,0.9997645892020662,True,0.08810207948814915,0.9190314207196507,37.9,N_mid
GR13L,MUF_D,45083,0.9656695724182803,0.9999693561434596,True,0.03900628599748561,0.9624580846880652,-33.3,S_mid
GR13L,TEC,45083,1.3527965086618015,0.9999846745188693,True,0.04735589203054346,0.9547852908539685,-33.3,S_mid
GR13L,fmin,45083,0.18008807828523685,0.9994909593064215,True,0.08955495306667897,0.9178059327667538,-33.3,S_mid
GR13L,foE,19853,0.08539949881629981,0.999918693209571,True,0.08163062723963768,0.9245300334662655,-33.3,S_mid
GR13L,foF1,8464,0.1904163220699433,0.9851309378678046,True,0.1139275777267972,0.8977244302010277,-33.3,S_mid
GR13L,foF2,45083,0.2576941751879866,0.9999679131682025,True,0.033725460031104354,0.9673748385474713,-33.3,S_mid
GR13L,foF2p,45414,0.12737095572584078,0.9999899021322285,True,0.025217933887056038,0.9754023675810629,-33.3,S_mid
GR13L,hmF2,45083,8.239407592662424,0.9999445283787443,True,0.08632117746099743,0.9205380699078781,-33.3,S_mid
HO54K,MUF_D,44321,0.7696587904153788,0.9999356943777623,True,0.06077333599598112,0.9427084618987713,-42.92,S_mid
HO54K,fmin,67745,0.05791485841513518,0.9996098342701292,True,0.12986496944262105,0.8850615135836228,-42.92,S_mid
HO54K,foE,20858,0.08566129702432321,0.9999394795877908,True,0.07081986190228222,0.9338638883887784,-42.92,S_mid
HO54K,foF1,15123,0.16107879278802706,0.9891154557650645,True,0.12310722797808069,0.8903869328668559,-42.92,S_mid
HO54K,foF2,64784,0.23014216151621802,0.9999918098696283,True,0.047418986362688424,0.9547277765821702,-42.92,S_mid
HO54K,hmF2,50736,10.124860059918007,0.9997539976272422,True,0.1132978554195798,0.898232216232124,-42.92,S_mid
IC437,MUF_D,31876,1.1732460628686159,0.9999771554078498,True,0.06666383233618446,0.9375024911173947,37.14,N_mid
IC437,TEC,31879,1.550612080052699,0.9999292490313875,True,0.07137400536514642,0.9333808688583772,37.14,N_mid
IC437,fmin,31882,0.18341301518097988,0.9985574978611124,True,0.12354137144041036,0.8900428817480687,37.14,N_mid
IC437,foE,14539,0.09703813879909211,0.9998827419126539,True,0.10648220929091602,0.9037650959077284,37.14,N_mid
IC437,foF1,4532,0.17012135922330096,0.9878072274876698,True,0.07133299399679051,0.933416599323922,37.14,N_mid
IC437,foF2,31879,0.32373990322783025,0.9999589675577548,True,0.060008340343777986,0.9433888035972281,37.14,N_mid
IC437,foF2p,32093,0.10240815754214315,0.9999995213245955,True,0.03127523006120883,0.9696732461426881,37.14,N_mid
IC437,hmF2,31879,9.584658003701497,0.9999684758264985,True,0.1015403098691711,0.907819705770703,37.14,N_mid
JB57N,TEC,20458,2.598762461651979,0.9999233736545271,True,0.12255021269694251,0.8908287475154328,-74.62,S_mid
JB57N,fmin,20486,0.09757627508681886,0.9998800265995539,True,0.0633967440437809,0.9403827927827747,-74.62,S_mid
JB57N,foE,11227,0.16228116795395453,0.9989732740774785,True,0.08689834647994732,0.9200492421748748,-74.62,S_mid
JB57N,foF2,20290,0.3068914773874064,0.9999720785498063,True,0.10026512526696796,0.9088718500982755,-74.62,S_mid
JB57N,hmF2,20290,21.160215415170505,0.9991440469774703,True,0.17924145867030783,0.8480027501132658,-74.62,S_mid
JJ433,MUF_D,65058,1.188808678410034,0.9999860280478505,True,0.05236170114510101,0.9502436271786355,33.43,N_mid
JJ433,TEC,65060,1.7013679680295113,0.9999507218497828,True,0.05886172023582846,0.9444103804010228,33.43,N_mid
JJ433,fmin,65062,0.17290832206203316,0.998298346210985,True,0.11564627435756224,0.8963414506769574,33.43,N_mid
JJ433,foE,30367,0.0956004050449501,0.9999639500988041,True,0.09653346260535423,0.9119648730317892,33.43,N_mid
JJ433,foF1,10008,0.19392885691446843,0.9934217799840551,True,0.07410642637316897,0.9310064398149102,33.43,N_mid
JJ433,foF2,65060,0.3299146806793729,0.9999738797264907,True,0.04862757036251759,0.9536274157414087,33.43,N_mid
JJ433,foF2p,65398,0.12201690036392548,0.999998924682931,True,0.031355815143982224,0.9695974806331947,33.43,N_mid
JJ433,hmF2,65060,9.621847909621888,0.999833406123426,True,0.09703988700592571,0.9115438844518499,33.43,N_mid
JR055,MUF_D,66646,0.8552051415886894,0.9999327441235695,True,0.040029674323645875,0.9615110267409648,54.6,N_mid
JR055,TEC,66646,1.0780800264074204,0.9999587459422471,True,0.0498877802898801,0.9524827498457923,54.6,N_mid
JR055,fmin,66646,0.1112347110592129,0.9994984023208183,True,0.14622759537637134,0.8724270851912647,54.6,N_mid
JR055,foE,36577,0.08911058934731599,0.9999795017240551,True,0.058759045083765386,0.9445019663760071,54.6,N_mid
JR055,foF1,19302,0.20303501006873714,0.9993416705033552,True,0.07463156656305113,0.9305514849133438,54.6,N_mid
JR055,foF2,66646,0.23006364459008766,0.9999338580730248,True,0.03762293814957558,0.9637412235540304,54.6,N_mid
JR055,foF2p,66828,0.07791563109582504,0.9999999241878774,True,0.02198744793843979,0.978485598837057,54.6,N_mid
JR055,hmF2,66646,8.612041921690363,0.9999375298128114,True,0.0890785262730291,0.9182074348873008,54.6,N_mid
LL721,MUF_D,63107,1.5096332247875301,0.999997132020938,True,0.0651262941669567,0.9388558009283842,21.43,Low
LL721,TEC,63110,2.8915781967992396,0.9999682718145029,True,0.08518455573639548,0.9215022409910818,21.43,Low
LL721,fmin,63110,0.18102885834257645,0.9994420206496613,True,0.07650532681900228,0.9289317712481087,21.43,Low
LL721,foE,23965,0.10799121983448084,0.9999169923355182,True,0.10923305781145395,0.9015237987705004,21.43,Low
LL721,foF1,8930,0.19019596864501678,0.9905746189940682,True,0.06967833101513399,0.9348604818899072,21.43,Low
LL721,foF2,63110,0.5171242869592774,0.9999928047485218,True,0.06746421939491895,0.9367995496531394,21.43,Low
LL721,foF2p,63618,0.17829920384168002,0.9999986685368022,True,0.039555303929995386,0.9619497839312077,21.43,Low
LL721,hmF2,63110,11.341249009665663,0.9984135575415217,True,0.11808308403596976,0.8943879164956843,21.43,Low
LM42B,MUF_D,37588,1.0172460936114363,0.9999778369522279,True,0.06167627655853779,0.9419067017693344,-21.8,Low
LM42B,TEC,37588,1.5342435307367601,0.9999780266434863,True,0.05974767468833481,0.9436208485138633,-21.8,Low
LM42B,fmin,37588,0.21292702014827428,0.999271255773942,True,0.07387031178742841,0.9312111425592228,-21.8,Low
LM42B,foE,13147,0.11516220430516469,0.9997733537839468,True,0.14352758230787596,0.8744869957415391,-21.8,Low
LM42B,foF1,4208,0.16086769249049432,0.9917484086171527,True,0.071102741193207,0.9336172540143081,-21.8,Low
LM42B,foF2,37588,0.28233038691426343,0.99996873756428,True,0.058392818237410736,0.9448287845200471,-21.8,Low
LM42B,foF2p,37821,0.10939027480323985,0.9999987229949108,True,0.031923741310842225,0.9690638561428098,-21.8,Low
LM42B,hmF2,37588,8.903824247986947,0.9998097902440136,True,0.10177564471303006,0.9076257991348695,-21.8,Low
MHJ45,MUF_D,61429,0.8963894316338104,0.9999878634127076,True,0.04664394400667193,0.9554347547952997,42.6,N_mid
MHJ45,TEC,61431,1.524321935721921,0.9999779159989796,True,0.06999137216058507,0.9345869752021881,42.6,N_mid
MHJ45,fmin,61431,0.12649026278806036,0.999869137424976,True,0.07375662262036425,0.9313097390353032,42.6,N_mid
MHJ45,foE,25878,0.08544501925702656,0.9999811278948532,True,0.08261019484098917,0.9236934999922823,42.6,N_mid
MHJ45,foF1,14220,0.2396207659399906,0.9889979739199591,True,0.09876112974683712,0.9101159232220087,42.6,N_mid
MHJ45,foF2,61431,0.26812433814632136,0.9999849208025356,True,0.044309248032992576,0.9575707596993408,42.6,N_mid
MHJ45,foF2p,62265,0.09674428517893949,0.99999768621721,True,0.039343270742971524,0.9621460283137764,42.6,N_mid
MHJ45,hmF2,61431,9.490330343529056,0.9999820760397041,True,0.10179123396944136,0.907612957127353,42.6,N_mid
ND61R,MUF_D,53436,1.1846261030329117,0.9999738094576667,True,0.0575335884385422,0.9455964433966669,-19.07,Low
ND61R,fmin,67277,0.11943845965188696,0.9999800059765542,True,0.05484946017209703,0.948002570752467,-19.07,Low
ND61R,foE,24350,0.0987658110882957,0.9999581783119873,True,0.08583718952485464,0.9209483794136618,-19.07,Low
ND61R,foF1,15954,0.18938642607914422,0.9825482974001442,True,0.11499594168998524,0.8968642508997052,-19.07,Low
ND61R,foF2,65530,0.3612032270842871,0.9999934108006425,True,0.05345480297529555,0.9492576209018917,-19.07,Low
ND61R,hmF2,60842,9.199370555427718,0.9994871573510508,True,0.09343775341351473,0.9145468014783475,-19.07,Low
NI135,MUF_D,51646,1.1785630800707378,0.999986587698175,True,0.06017950188742711,0.9432364974230399,35.03,N_mid
NI135,TEC,51649,1.4714382175840772,0.9999693940429467,True,0.05760215855755101,0.9455351352193591,35.03,N_mid
NI135,fmin,51649,0.17275531310706244,0.9998604217429543,True,0.10726244237310305,0.9031282573413975,35.03,N_mid
NI135,foE,23534,0.11474653692529957,0.9999109625177233,True,0.09465390036344788,0.9135307512885846,35.03,N_mid
NI135,foF1,7757,0.27122760087662756,0.9779650481414567,True,0.07333945256780358,0.9316717070332691,35.03,N_mid
NI135,foF2,51649,0.35332793471316004,0.9999788518282192,True,0.062099835415573124,0.9415310751919334,35.03,N_mid
NI135,foF2p,52075,0.12294526324211875,0.999992422637643,True,0.036050122090461593,0.9652042682860531,35.03,N_mid
NI135,hmF2,51649,9.269338144655915,0.9998117938131189,True,0.1178192629515208,0.8945990046365566,35.03,N_mid
NI63,MUF_D,54214,0.8751466376305014,0.9999803806453378,True,0.06143406368943087,0.9421216392133746,-29.03,Low
NI63,fmin,68971,0.08366656517473527,0.999822061870921,True,0.10188894306685191,0.9075324752935012,-29.03,Low
NI63,foE,26691,0.08885286238807089,0.9999315718497008,True,0.08400317588187145,0.9225065223507929,-29.03,Low
NI63,foF1,16449,0.18330100360710885,0.9905201425404597,True,0.13293584014047144,0.882662516772363,-29.03,Low
NI63,foF2,68161,0.24568554561992928,0.9999569737561085,True,0.054267572264651766,0.9485258072122236,-29.03,Low
NI63,hmF2,64403,9.015374419669891,0.9999527893716315,True,0.08760859928527855,0.9194484124685566,-29.03,Low
PA836,MUF_D,49831,1.041858035158837,0.9999538353467975,True,0.051916007066832914,0.9506462429337911,34.7,N_mid
PA836,TEC,49831,1.341935993658566,0.999940505797992,True,0.05106803367127354,0.951413198731867,34.7,N_mid
PA836,fmin,49831,0.09349834942104313,0.9942878540833054,True,0.10442214341274612,0.9054508785109342,34.7,N_mid
PA836,foE,24074,0.09364502852316468,0.9999653410347389,True,0.10003353215111169,0.9090631974140857,34.7,N_mid
PA836,foF1,9701,0.17005076796206575,0.9924995380180696,True,0.08475995550104547,0.9218629383660322,34.7,N_mid
PA836,foF2,49831,0.274817430414802,0.9999478325217998,True,0.045837861849490465,0.9561711585307979,34.7,N_mid
PA836,foF2p,50048,0.10026964114450128,0.9999965307736162,True,0.03054689165305602,0.9703585621377625,34.7,N_mid
PA836,hmF2,49831,8.56629867284756,0.9998847201492908,True,0.08605011283807064,0.9207678247800148,34.7,N_mid
PE43K,MUF_D,51669,0.7054290217538562,0.9999650506688523,True,0.04600185165276695,0.956021252180309,-31.94,S_mid
PE43K,fmin,69191,0.07188708430287176,0.999893164610388,True,0.08056156198618654,0.925444727241541,-31.94,S_mid
PE43K,foE,28933,0.08758453726425419,0.9999668084152306,True,0.07486392302532378,0.9303503248907908,-31.94,S_mid
PE43K,foF1,17565,0.14788112012524907,0.9975590361796987,True,0.12105605367434515,0.8920160563982729,-31.94,S_mid
PE43K,foF2,68577,0.23803036416485604,0.9999685078886295,True,0.04347215523021628,0.9583389408022822,-31.94,S_mid
PE43K,hmF2,63836,8.566270769367339,0.9998267413220984,True,0.10388199151593402,0.9058939340306879,-31.94,S_mid
PQ052,MUF_D,67063,0.888787743619779,0.9999433031122785,True,0.04841075343064666,0.9538246309738476,50.0,N_mid
PQ052,TEC,67065,1.103635219008234,0.9999549513728422,True,0.05394125778189128,0.9488194836442638,50.0,N_mid
PQ052,fmin,67065,0.1372805675529479,0.9991322523768865,True,0.1325087575940081,0.8829953793244653,50.0,N_mid
PQ052,foE,32569,0.08717478753646966,0.9999788580983081,True,0.07281893978123011,0.9321237376774134,50.0,N_mid
PQ052,foF1,13626,0.1897293805583656,0.9938566481455035,True,0.1025375788068055,0.906998563334436,50.0,N_mid
PQ052,foF2,67065,0.22876876436342722,0.9999408693303689,True,0.04274090210017136,0.959011004541888,50.0,N_mid
PQ052,foF2p,67347,0.10721419161133626,0.9999999572379185,True,0.027126596335417343,0.9735898219049146,50.0,N_mid
PQ052,hmF2,67065,8.546077507302625,0.9999431471677546,True,0.08441008126756364,0.9221603683646163,50.0,N_mid
SO148,MUF_D,64042,0.9368181115495409,0.9999546122558141,True,0.04572399383685357,0.956275275209964,47.63,N_mid
SO148,TEC,64048,1.1958054346985694,0.9999704419178314,True,0.06398944877056967,0.9398589442362338,47.63,N_mid
SO148,fmin,64049,0.13244656281758732,0.9999287916644399,True,0.09694605461197148,0.9116218576069681,47.63,N_mid
SO148,foE,30418,0.09745778006384803,0.9999867084273626,True,0.07171733896061137,0.9330818525058432,47.63,N_mid
SO148,foF1,15252,0.24418445422612908,0.9949778510615549,True,0.10412601440638909,0.9056937224123187,47.63,N_mid
SO148,foF2,64048,0.2522528420689093,0.9999583512288803,True,0.04734313031246871,0.9547969247687297,47.63,N_mid
SO148,foF2p,64512,0.11610698782399399,0.9999999093703815,True,0.02773218672534029,0.9730161348612586,47.63,N_mid
SO148,hmF2,64048,9.172650660064358,0.9999104822136274,True,0.11091330103480061,0.9001602546918049,47.63,N_mid
THJ76,MUF_D,56979,1.1173038882746276,0.9995477923427801,True,0.11688139410530995,0.8953502182754696,76.54,N_high
THJ76,TEC,56985,1.1858813722909538,0.9982152623848671,True,0.13396037374861194,0.8818650308689626,76.54,N_high
THJ76,fmin,56985,0.049397034307273865,0.9986118332437853,True,0.0744357420125546,0.9307210854014155,76.54,N_high
THJ76,foE,23638,0.040467520517810315,0.9999960239204068,True,0.05930524844390861,0.9440149583597112,76.54,N_high
THJ76,foF1,23022,0.2681299952219616,0.9930335653846594,True,0.13818183762726932,0.878594234190793,76.54,N_high
THJ76,foF2,56985,0.3566809664824076,0.9994384790252577,True,0.1378951336900659,0.8788156047008588,76.54,N_high
THJ76,foF2p,59508,0.0627042162398333,0.9999007792092122,True,0.024368767465613034,0.9762109425437641,76.54,N_high
THJ76,hmF2,56985,14.140045187330001,0.9984272968283078,True,0.15061138324866602,0.8691031694615902,76.54,N_high
TR169,MUF_D,48861,0.8164698303179767,0.9999730712649746,True,0.07097344269584359,0.9337299695152198,69.9,N_high
TR169,TEC,48872,1.0076062810334478,0.9999719545840406,True,0.07520353579307405,0.9300564653206765,69.9,N_high
TR169,fmin,48876,0.28857797453419537,0.9989493777025326,True,0.11549474146724499,0.8964632129817742,69.9,N_high
TR169,foE,26653,0.06306881495516452,0.9999589644404877,True,0.049779049321401196,0.9525814033404654,69.9,N_high
TR169,foF1,20914,0.23234317124095505,0.9971394287197075,True,0.09254151705028965,0.9152970247756452,69.9,N_high
TR169,foF2,48872,0.22069993205039012,0.9999484064521275,True,0.06778714213094074,0.9365162404974641,69.9,N_high
TR169,foF2p,62194,0.22952170962365073,0.9982635846698936,True,0.10255443287127128,0.9069846986110254,69.9,N_high
TR169,hmF2,48872,9.038535136001528,0.9992514533937057,True,0.12506814966843735,0.8888350454989811,69.9,N_high
TR170,TEC,16773,1.9827667108845568,0.9995766675034531,True,0.09953574316141435,0.9094747544311507,69.6,N_high
TR170,foE,12236,0.20194256579920297,0.9933769476866059,True,0.1202200689855954,0.8926817396741877,69.6,N_high
TR170,foF2,14386,0.30573466030962637,0.9995136587913331,True,0.08304779650040126,0.9233202848768545,69.6,N_high
TR170,hmF2,14369,16.76108165437168,0.9989597855754845,True,0.15597037524904903,0.8650740723217532,69.6,N_high
TV51R,MUF_D,51199,0.8934215088836371,0.9999620325030741,True,0.06158564404393354,0.9419871167347994,-19.63,Low
TV51R,fmin,67757,0.11631236133044062,0.9999808058371757,True,0.08799389127602623,0.9191228075988324,-19.63,Low
TV51R,foE,26863,0.10150659519289233,0.9999714158444237,True,0.08892515494662073,0.9183367612157147,-19.63,Low
TV51R,foF1,17743,0.17794517556219355,0.9900832831346992,True,0.13377254404630518,0.8820111275857094,-19.63,Low
TV51R,foF2,67176,0.296912798717796,0.9999460815546748,True,0.05341395558019274,0.9492944295096474,-19.63,Low
TV51R,hmF2,64565,9.167463989777744,0.9996065849508571,True,0.10127090856643113,0.9080417835623574,-19.63,Low
VT139,MUF_D,62903,0.9934108508338234,0.9999826587475219,True,0.05036943844597702,0.9520459786791792,40.6,N_mid
VT139,TEC,62904,1.3965379785069314,0.999960585614987,True,0.06257864934934713,0.9411068071171332,40.6,N_mid
VT139,fmin,62904,0.14942698397558185,0.9975256033962585,True,0.13733181312784193,0.879250882158868,40.6,N_mid
VT139,foE,29834,0.08920116310250051,0.9999568667613836,True,0.09503726066460803,0.9132109343869018,40.6,N_mid
VT139,foF1,9933,0.22492071881606768,0.9886810582672306,True,0.1127696742617849,0.898658566215334,40.6,N_mid
VT139,foF2,62904,0.2536469083842045,0.9999706101806468,True,0.04783825427676199,0.9543457646430548,40.6,N_mid
VT139,foF2p,63172,0.08860559266763755,0.9999973862942859,True,0.033105401416006076,0.9679554463943071,40.6,N_mid
VT139,hmF2,62904,8.829688891008521,0.9999872988093992,True,0.08797641984087533,0.9191375674725171,40.6,N_mid
WA619,MUF_D,32683,1.5732224023681547,0.9999758509428351,True,0.06927111244953485,0.9352165118434319,19.29,Low
WA619,TEC,32684,2.6921225129377246,0.9999871157211254,True,0.06853964708394787,0.9358567112872292,19.29,Low
WA619,fmin,32684,0.19966769143444182,0.9985702575063767,True,0.08127327021366872,0.9248355874018708,19.29,Low
WA619,foE,13945,0.11153324714805532,0.9999059662267362,True,0.10827838104219924,0.9023003760658249,19.29,Low
WA619,foF1,4644,0.21294882660047387,0.956085047066182,True,0.10866054179579243,0.9019893486785544,19.29,Low
WA619,foF2,32684,0.48055003335840474,0.9999608753899798,True,0.06687533168561985,0.9373166388804214,19.29,Low
WA619,foF2p,32788,0.18253637221053653,0.9999997561832717,True,0.031250481768286036,0.9696965166845782,19.29,Low
WA619,hmF2,32684,9.549402893059174,0.9991762385340475,True,0.11245416774510733,0.8989134375099275,19.29,Low
WP937,MUF_D,9348,0.7348822386250179,0.9999886946991693,True,0.05956978628213689,0.9437792705554979,37.9,N_mid
WP937,TEC,9348,1.7406388175723861,0.999976454758343,True,0.07796048139500757,0.9276777927015305,37.9,N_mid
WP937,fmin,9348,0.09319116834260448,0.9986646909959311,True,0.10822153828709113,0.9023466567394435,37.9,N_mid
WP937,foE,5240,0.09446596692111961,0.9999873530812495,True,0.07433072733215353,0.9308120623928011,37.9,N_mid
WP937,foF1,4266,0.12947882481637757,0.9996200710325932,True,0.10426260119093851,0.9055816967101014,37.9,N_mid
WP937,foF2,9348,0.24774436599629152,0.9999838836685941,True,0.06656654236088441,0.9375880081391482,37.9,N_mid
WP937,foF2p,9348,0.0829262052488946,0.9999998046784191,True,0.027319525340159388,0.9734069832546854,37.9,N_mid
WP937,hmF2,9348,8.41937713949508,0.9998120561921254,True,0.10349016820838057,0.9062155955803335,37.9,N_mid
